{
    "Emitter": {
        "Portal": {
            "m_PositionRange": 89.13999938964844,
            "m_Life": 3.1730000972747803,
            "m_EmitParticles": 0.0,
            "m_Position": [
                0.0,
                0.0
            ],
            "m_Velocity": [
                50.0,
                50.0
            ],
            "m_NumberOfParticles": 1.315999984741211,
            "gravity": 100.0,
            "m_Index": 217.0,
            "m_Loop": true,
            "m_LoopInterval": 0.10000000149011612
        },
        "Dig": {
            "m_PositionRange": 69.37300109863281,
            "m_Life": 0.6740000247955322,
            "m_EmitParticles": 0.0,
            "m_Position": [
                0.0,
                0.0
            ],
            "m_Velocity": [
                100.0,
                100.0
            ],
            "m_NumberOfParticles": 20.295000076293945,
            "gravity": 200.0,
            "m_Index": 75.0,
            "m_Loop": false,
            "m_LoopInterval": 0.10000000149011612
        },
        "feecbackPortal": {
            "m_PositionRange": 95.5469970703125,
            "m_Life": 5.0,
            "m_EmitParticles": 0.0,
            "m_Position": [
                0.0,
                0.0
            ],
            "m_Velocity": [
                30.0,
                100.0
            ],
            "m_NumberOfParticles": 20.08099937438965,
            "gravity": 10.0,
            "m_Index": 1.0,
            "m_Loop": false,
            "m_LoopInterval": 0.10000000149011612
        },
        "GemExplode": {
            "m_PositionRange": 104.7969970703125,
            "m_Life": 2.878000020980835,
            "m_EmitParticles": 0.0,
            "m_Position": [
                0.0,
                0.0
            ],
            "m_Velocity": [
                200.0,
                200.0
            ],
            "m_NumberOfParticles": 22.759000778198242,
            "gravity": 400.0,
            "m_Index": 1.0,
            "m_Loop": false,
            "m_LoopInterval": 0.10000000149011612
        },
        "feedbackPortal": {
            "m_PositionRange": 109.5469970703125,
            "m_Life": 5.0,
            "m_EmitParticles": 0.0,
            "m_Position": [
                0.0,
                0.0
            ],
            "m_Velocity": [
                30.0,
                100.0
            ],
            "m_NumberOfParticles": 19.611000061035156,
            "gravity": 50.0,
            "m_Index": 1.0,
            "m_Loop": false,
            "m_LoopInterval": 0.10000000149011612
        },
        "PortalFeedBack": {
            "m_PositionRange": 10.0,
            "m_Life": 5.0,
            "m_EmitParticles": 0.0,
            "m_Position": [
                0.0,
                0.0
            ],
            "m_Velocity": [
                30.0,
                100.0
            ],
            "m_NumberOfParticles": 5.0,
            "gravity": 10.0,
            "m_Index": 1.0,
            "m_Loop": false,
            "m_LoopInterval": 0.10000000149011612
        },
        "Jump": {
            "m_PositionRange": 42.70500183105469,
            "m_Life": 0.6000000238418579,
            "m_EmitParticles": 0.0,
            "m_Position": [
                0.0,
                0.0
            ],
            "m_Velocity": [
                20.0,
                50.0
            ],
            "m_NumberOfParticles": 8.256999969482422,
            "gravity": 10.0,
            "m_Index": 1.0,
            "m_Loop": false,
            "m_LoopInterval": 0.10000000149011612
        },
        "Landed": {
            "m_PositionRange": 45.65700149536133,
            "m_Life": 0.8220000267028809,
            "m_EmitParticles": 0.0,
            "m_Position": [
                0.0,
                -100.0
            ],
            "m_Velocity": [
                30.0,
                100.0
            ],
            "m_NumberOfParticles": 4.427999973297119,
            "gravity": 100.0,
            "m_Index": 1.0,
            "m_Loop": false,
            "m_LoopInterval": 0.10000000149011612
        },
        "": {
            "m_PositionRange": 10.0,
            "m_Life": 5.0,
            "m_EmitParticles": 0.0,
            "m_Position": [
                0.0,
                0.0
            ],
            "m_Velocity": [
                30.0,
                100.0
            ],
            "m_NumberOfParticles": 5.0,
            "gravity": 10.0,
            "m_Index": 1.0,
            "m_Loop": false,
            "m_LoopInterval": 0.10000000149011612
        },
        "Dash": {
            "m_PositionRange": 10.0,
            "m_Life": 2.194999933242798,
            "m_EmitParticles": 0.0,
            "m_Position": [
                -100.0,
                0.0
            ],
            "m_Velocity": [
                0.0,
                0.0
            ],
            "m_NumberOfParticles": 0.36899998784065247,
            "gravity": 10.0,
            "m_Index": 1.0,
            "m_Loop": false,
            "m_LoopInterval": 0.10000000149011612
        },
        "250": {
            "m_PositionRange": 10.0,
            "m_Life": 5.0,
            "m_EmitParticles": 0.0,
            "m_Position": [
                0.0,
                0.0
            ],
            "m_Velocity": [
                30.0,
                100.0
            ],
            "m_NumberOfParticles": 5.0,
            "gravity": 10.0,
            "m_Index": 1.0,
            "m_Loop": false,
            "m_LoopInterval": 0.10000000149011612
        },
        "TestGem": {
            "m_PositionRange": 104.7969970703125,
            "m_Life": 2.878000020980835,
            "m_EmitParticles": 0.0,
            "m_Position": [
                0.0,
                0.0
            ],
            "m_Velocity": [
                1.0,
                1.0
            ],
            "m_NumberOfParticles": 22.759000778198242,
            "gravity": 3.0,
            "m_Index": 1.0,
            "m_Loop": false,
            "m_LoopInterval": 0.10000000149011612
        },
        "Gem": {
            "m_PositionRange": 104.7969970703125,
            "m_Life": 2.878000020980835,
            "m_EmitParticles": 0.0,
            "m_Position": [
                0.0,
                0.0
            ],
            "m_Velocity": [
                200.0,
                200.0
            ],
            "m_NumberOfParticles": 22.759000778198242,
            "gravity": 400.0,
            "m_Index": 1.0,
            "m_Loop": false,
            "m_LoopInterval": 0.10000000149011612
        },
        "Sign": {
            "m_PositionRange": 50.183998107910156,
            "m_Life": 2.878000020980835,
            "m_EmitParticles": 0.0,
            "m_Position": [
                0.0,
                -50.0
            ],
            "m_Velocity": [
                50.0,
                50.0
            ],
            "m_NumberOfParticles": 1.4769999980926514,
            "gravity": 100.0,
            "m_Index": 1.0,
            "m_Loop": true,
            "m_LoopInterval": 0.10000000149011612
        }
    },
    "Particle": {
        "Portal": {
            "Position": [
                0.0,
                0.0
            ],
            "StartColor": [
                0.32179921865463257,
                1.0,
                0.039215683937072754
            ],
            "StartAlpha": 0.20000000298023224,
            "EndColor": [
                0.0,
                1.5894570992713852e-7,
                0.6666666269302368
            ],
            "EndAlpha": 0.20000000298023224,
            "Velocity": [
                300.0,
                100.0
            ],
            "Rotation": 0.0,
            "StartSize": 13.375,
            "EndSize": 0.0,
            "LifeTime": 1.0,
            "LifeRemaining": 0.0,
            "Active": false
        },