{
    "TransformComponent": {
        "Identity": 1,
        "Transform": [
            0.0,
            0.0
        ],
        "Scale": [
            200.0,
            200.0
        ],
        "Rotation": 0.0
    },
    "NameComponent": {
        "Identity": 1,
        "Name": "Square"
    },
    "PrimitiveComponent": {
        "Identity": 1,
        "PrimitiveID": 3,
        "Offset": 0.0,
        "Color": [
            0.1354770064353943,
            0.9057919383049011,
            0.8350085616111755
        ],
        "Alpha": 1.0
    },
    "MovementComponent": {
        "Identity": 1,
        "Direction": [
            -0.7460263967514038,
            0.9377355575561523
        ],
        "Speed": 500.0
    }
}