{
    "Entities": [
        {
            "PrimitiveComponent": {
                "Identity": 1,
                "PrimitiveID": 3,
                "Offset": 0.0,
                "Color": [
                    0.8147236704826355,
                    0.1354770064353943,
                    0.9057919383049011
                ],
                "Alpha": 1.0
            },
            "NameComponent": {
                "Identity": 1,
                "Name": "Square1000"
            },
            "TransformComponent": {
                "Identity": 1,
                "Transform": [
                    98.27471160888672,
                    387.2418212890625
                ],
                "Scale": [
                    200.0,
                    200.0
                ],
                "Rotation": 0.0
            },
            "MovementComponent": {
                "Identity": 1,
                "Direction": [
                    0.6700171232223511,
                    -0.7460263967514038
                ],
                "Speed": 500.0
            }
        },
        {
            "PrimitiveComponent": {
                "Identity": 1,
                "PrimitiveID": 3,
                "Offset": 0.0,
                "Color": [
                    0.9688677787780762,
                    0.9133758544921875,
                    0.22103404998779297
                ],
                "Alpha": 1.0
            },
            "NameComponent": {
                "Identity": 1,
                "Name": "Square2111"
            },
            "TransformComponent": {
                "Identity": 1,
                "Transform": [
                    546.203125,
                    168.6480255126953
                ],
                "Scale": [
                    200.0,
                    200.0
                ],
                "Rotation": 0.0
            },
            "MovementComponent": {
                "Identity": 1,
                "Direction": [
                    0.26471853256225586,
                    -0.38366591930389404
                ],
                "Speed": 500.0
            }
        },
        {
            "PrimitiveComponent": {
                "Identity": 1,
                "PrimitiveID": 3,
                "Offset": 0.0,
                "Color": [
                    0.09754040092229843,
                    0.5472205877304077,
                    0.27849823236465454
                ],
                "Alpha": 1.0
            },
            "NameComponent": {
                "Identity": 1,
                "Name": "Square3222"
            },
            "TransformComponent": {
                "Identity": 1,
                "Transform": [
                    -3.0319886207580566,
                    193.46456909179688
                ],
                "Scale": [
                    200.0,
                    200.0
                ],
                "Rotation": 0.0
            },
            "MovementComponent": {
                "Identity": 1,
                "Direction": [
                    -0.6232360601425171,
                    0.09376299381256104
                ],
                "Speed": 500.0
            }
        },
        {
            "PrimitiveComponent": {
                "Identity": 1,
                "PrimitiveID": 3,
                "Offset": 0.0,
                "Color": [
                    0.9928812980651855,
                    0.9575068354606628,
                    0.9964613318443298
                ],
                "Alpha": 1.0
            },
            "NameComponent": {
                "Identity": 1,
                "Name": "Square4333"
            },
            "TransformComponent": {
                "Identity": 1,
                "Transform": [
                    637.07080078125,
                    6.815308570861816
                ],
                "Scale": [
                    200.0,
                    200.0
                ],
                "Rotation": 0.0
            },
            "MovementComponent": {
                "Identity": 1,
                "Direction": [
                    0.9297770261764526,
                    0.9353898763656616
                ],
                "Speed": 500.0
            }
        },
        {
            "PrimitiveComponent": {
                "Identity": 1,
                "PrimitiveID": 3,
                "Offset": 0.0,
                "Color": [
                    0.15761308372020721,
                    0.7258389592170715,
                    0.9705927968025208
                ],
                "Alpha": 1.0
            },
            "NameComponent": {
                "Identity": 1,
                "Name": "Square5444"
            },
            "TransformComponent": {
                "Identity": 1,
                "Transform": [
                    -581.3277587890625,
                    -33.96127700805664
                ],
                "Scale": [
                    200.0,
                    200.0
                ],
                "Rotation": 0.0
            },
            "MovementComponent": {
                "Identity": 1,
                "Direction": [
                    0.9622193574905396,
                    0.9143339395523071
                ],
                "Speed": 500.0
            }
        },
        {
            "PrimitiveComponent": {
                "Identity": 1,
                "PrimitiveID": 3,
                "Offset": 0.0,
                "Color": [
                    0.10986175388097763,
                    0.48537564277648926,
                    0.7981058359146118
                ],
                "Alpha": 1.0
            },
            "NameComponent": {
                "Identity": 1,
                "Name": "Square6555"
            },
            "TransformComponent": {
                "Identity": 1,
                "Transform": [
                    -43.693687438964844,
                    122.74615478515625
                ],
                "Scale": [
                    200.0,
                    200.0
                ],
                "Rotation": 0.0
            },
            "MovementComponent": {
                "Identity": 1,
                "Direction": [
                    0.6005609035491943,
                    -0.4059411287307739
                ],
                "Speed": 500.0
            }
        },
        {
            "PrimitiveComponent": {
                "Identity": 1,
                "PrimitiveID": 3,
                "Offset": 0.0,
                "Color": [
                    0.14188633859157562,
                    0.004783484153449535,
                    0.42176127433776855
                ],
                "Alpha": 1.0
            },
            "NameComponent": {
                "Identity": 1,
                "Name": "Square7666"
            },
            "TransformComponent": {
                "Identity": 1,
                "Transform": [
                    -317.7549133300781,
                    -209.18287658691406
                ],
                "Scale": [
                    200.0,
                    200.0
                ],
                "Rotation": 0.0
            },
            "MovementComponent": {
                "Identity": 1,
                "Direction": [
                    -0.7750709652900696,
                    0.8314710855484009
                ],
                "Speed": 500.0
            }
        },
        {
            "PrimitiveComponent": {
                "Identity": 1,
                "PrimitiveID": 3,
                "Offset": 0.0,
                "Color": [
                    0.639763355255127,
                    0.7922073006629944,
                    0.8784306645393372
                ],
                "Alpha": 1.0
            },
            "NameComponent": {
                "Identity": 1,
                "Name": "Square8777"
            },
            "TransformComponent": {
                "Identity": 1,