{
    "Entities": [
        {
            "PrimitiveComponent": {
                "Identity": 1,
                "PrimitiveID": 0,
                "Offset": 0.0,
                "Color": [
                    0.3612940013408661,
                    0.849129319190979,
                    0.21192432940006256
                ],
                "Alpha": 1.0
            },
            "NameComponent": {
                "Identity": 1,
                "Name": "Circle0"
            },
            "TransformComponent": {
                "Identity": 1,
                "Transform": [
                    0.0,
                    0.0
                ],
                "Scale": [
                    200.0,
                    200.0
                ],
                "Rotation": 0.0
            },
            "MovementComponent": {
                "Identity": 1,
                "Direction": [
                    0.8679864406585693,
                    0.3627190589904785
                ],
                "Speed": 500.0
            }
        },
        {
            "PrimitiveComponent": {
                "Identity": 1,
                "PrimitiveID": 3,
                "Offset": 0.0,
                "Color": [
                    0.1354770064353943,
                    0.9057919383049011,
                    0.8350085616111755
                ],
                "Alpha": 1.0
            },
            "NameComponent": {
                "Identity": 1,
                "Name": "Square1"
            },
            "TransformComponent": {
                "Identity": 1,
                "Transform": [
                    0.0,
                    0.0
                ],
                "Scale": [
                    200.0,
                    200.0
                ],
                "Rotation": 0.0
            },
            "MovementComponent": {
                "Identity": 1,
                "Direction": [
                    -0.7460263967514038,
                    0.9377355575561523
                ],
                "Speed": 500.0
            }
        }
    ]
}